{
  "backpropType" : "Standard",
  "cacheMode" : "NONE",
  "confs" : [ {
    "cacheMode" : "NONE",
    "dataType" : "FLOAT",
    "epochCount" : 0,
    "iterationCount" : 0,
    "layer" : {
      "@class" : "org.deeplearning4j.nn.conf.layers.DenseLayer",
      "activationFn" : {
        "@class" : "org.nd4j.linalg.activations.impl.ActivationReLU"
      },
      "biasInit" : 0.0,
      "biasUpdater" : null,
      "constraints" : null,
      "gainInit" : 1.0,
      "gradientNormalization" : "None",
      "gradientNormalizationThreshold" : 1.0,
      "hasBias" : true,
      "hasLayerNorm" : false,
      "idropout" : null,
      "iupdater" : {
        "@class" : "org.nd4j.linalg.learning.config.Nesterovs",
        "learningRate" : "NaN",
        "learningRateSchedule" : {
          "@class" : "org.nd4j.linalg.schedule.MapSchedule",
          "scheduleType" : "EPOCH",
          "values" : {
            "0" : 0.1,
            "6500" : 0.08,
            "7000" : 0.05,
            "7500" : 0.01
          }
        },
        "momentum" : 0.9
      },
      "layerName" : "layer0",
      "nin" : 18,
      "nout" : 5,
      "regularization" : [ {
        "@class" : "org.nd4j.linalg.learning.regularization.L2Regularization",
        "l2" : {
          "@class" : "org.nd4j.linalg.schedule.FixedSchedule",
          "value" : 1.0E-4
        }
      } ],
      "regularizationBias" : [ ],
      "weightInitFn" : {
        "@class" : "org.deeplearning4j.nn.weights.WeightInitXavier"
      },
      "weightNoise" : null
    },
    "maxNumLineSearchIterations" : 5,
    "miniBatch" : true,
    "minimize" : true,
    "optimizationAlgo" : "STOCHASTIC_GRADIENT_DESCENT",
    "seed" : 6,
    "stepFunction" : null,
    "variables" : [ "W", "b" ]
  }, {
    "cacheMode" : "NONE",
    "dataType" : "FLOAT",
    "epochCount" : 0,
    "iterationCount" : 0,
    "layer" : {
      "@class" : "org.deeplearning4j.nn.conf.layers.DenseLayer",
      "activationFn" : {
        "@class" : "org.nd4j.linalg.activations.impl.ActivationReLU"
      },
      "biasInit" : 0.0,
      "biasUpdater" : null,
      "constraints" : null,
      "gainInit" : 1.0,
      "gradientNormalization" : "None",
      "gradientNormalizationThreshold" : 1.0,
      "hasBias" : true,
      "hasLayerNorm" : false,
      "idropout" : null,
      "iupdater" : {
        "@class" : "org.nd4j.linalg.learning.config.Nesterovs",
        "learningRate" : "NaN",
        "learningRateSchedule" : {
          "@class" : "org.nd4j.linalg.schedule.MapSchedule",
          "scheduleType" : "EPOCH",
          "values" : {
            "0" : 0.1,
            "6500" : 0.08,
            "7000" : 0.05,
            "7500" : 0.01
          }
        },
        "momentum" : 0.9
      },
      "layerName" : "layer1",
      "nin" : 5,
      "nout" : 5,
      "regularization" : [ {
        "@class" : "org.nd4j.linalg.learning.regularization.L2Regularization",
        "l2" : {
          "@class" : "org.nd4j.linalg.schedule.FixedSchedule",
          "value" : 1.0E-4
        }
      } ],
      "regularizationBias" : [ ],
      "weightInitFn" : {
        "@class" : "org.deeplearning4j.nn.weights.WeightInitXavier"
      },
      "weightNoise" : null
    },
    "maxNumLineSearchIterations" : 5,
    "miniBatch" : true,
    "minimize" : true,
    "optimizationAlgo" : "STOCHASTIC_GRADIENT_DESCENT",
    "seed" : 6,
    "stepFunction" : null,
    "variables" : [ "W", "b" ]
  }, {
    "cacheMode" : "NONE",
    "dataType" : "FLOAT",
    "epochCount" : 0,
    "iterationCount" : 0,
    "layer" : {
      "@class" : "org.deeplearning4j.nn.conf.layers.DenseLayer",
      "activationFn" : {
        "@class" : "org.nd4j.linalg.activations.impl.ActivationReLU"
      },
      "biasInit" : 0.0,
      "biasUpdater" : null,
      "constraints" : null,
      "gainInit" : 1.0,
      "gradientNormalization" : "None",
      "gradientNormalizationThreshold" : 1.0,
      "hasBias" : true,
      "hasLayerNorm" : false,
      "idropout" : null,
      "iupdater" : {
        "@class" : "org.nd4j.linalg.learning.config.Nesterovs",
        "learningRate" : "NaN",
        "learningRateSchedule" : {
          "@class" : "org.nd4j.linalg.schedule.MapSchedule",
          "scheduleType" : "EPOCH",
          "values" : {
            "0" : 0.1,
            "6500" : 0.08,
            "7000" : 0.05,
            "7500" : 0.01
          }
        },
        "momentum" : 0.9
      },
      "layerName" : "layer2",
      "nin" : 5,
      "nout" : 5,
      "regularization" : [ {
        "@class" : "org.nd4j.linalg.learning.regularization.L2Regularization",
        "l2" : {
          "@class" : "org.nd4j.linalg.schedule.FixedSchedule",
          "value" : 1.0E-4
        }
      } ],
      "regularizationBias" : [ ],
      "weightInitFn" : {
        "@class" : "org.deeplearning4j.nn.weights.WeightInitXavier"
      },
      "weightNoise" : null
    },
    "maxNumLineSearchIterations" : 5,
    "miniBatch" : true,
    "minimize" : true,
    "optimizationAlgo" : "STOCHASTIC_GRADIENT_DESCENT",
    "seed" : 6,
    "stepFunction" : null,
    "variables" : [ "W", "b" ]
  }, {
    "cacheMode" : "NONE",
    "dataType" : "FLOAT",
    "epochCount" : 0,
    "iterationCount" : 0,
    "layer" : {
      "@class" : "org.deeplearning4j.nn.conf.layers.DenseLayer",
      "activationFn" : {
        "@class" : "org.nd4j.linalg.activations.impl.ActivationReLU"
      },
      "biasInit" : 0.0,
      "biasUpdater" : null,
      "constraints" : null,
      "gainInit" : 1.0,
      "gradientNormalization" : "None",
      "gradientNormalizationThreshold" : 1.0,
      "hasBias" : true,
      "hasLayerNorm" : false,
      "idropout" : null,
      "iupdater" : {
        "@class" : "org.nd4j.linalg.learning.config.Nesterovs",
        "learningRate" : "NaN",
        "learningRateSchedule" : {
          "@class" : "org.nd4j.linalg.schedule.MapSchedule",
          "scheduleType" : "EPOCH",
          "values" : {
            "0" : 0.1,
            "6500" : 0.08,
            "7000" : 0.05,
            "7500" : 0.01
          }
        },
        "momentum" : 0.9
      },
      "layerName" : "layer3",
      "nin" : 5,
      "nout" : 5,
      "regularization" : [ {
        "@class" : "org.nd4j.linalg.learning.regularization.L2Regularization",
        "l2" : {
          "@class" : "org.nd4j.linalg.schedule.FixedSchedule",
          "value" : 1.0E-4
        }
      } ],
      "regularizationBias" : [ ],
      "weightInitFn" : {
        "@class" : "org.deeplearning4j.nn.weights.WeightInitXavier"
      },
      "weightNoise" : null
    },
    "maxNumLineSearchIterations" : 5,
    "miniBatch" : true,
    "minimize" : true,
    "optimizationAlgo" : "STOCHASTIC_GRADIENT_DESCENT",
    "seed" : 6,
    "stepFunction" : null,
    "variables" : [ "W", "b" ]
  }, {
    "cacheMode" : "NONE",
    "dataType" : "FLOAT",
    "epochCount" : 0,
    "iterationCount" : 0,
    "layer" : {
      "@class" : "org.deeplearning4j.nn.conf.layers.OutputLayer",
      "activationFn" : {
        "@class" : "org.nd4j.linalg.activations.impl.ActivationSoftmax"
      },
      "biasInit" : 0.0,
      "biasUpdater" : null,
      "constraints" : null,
      "gainInit" : 1.0,
      "gradientNormalization" : "None",
      "gradientNormalizationThreshold" : 1.0,
      "hasBias" : true,
      "idropout" : null,
      "iupdater" : {
        "@class" : "org.nd4j.linalg.learning.config.Nesterovs",
        "learningRate" : "NaN",
        "learningRateSchedule" : {
          "@class" : "org.nd4j.linalg.schedule.MapSchedule",
          "scheduleType" : "EPOCH",
          "values" : {
            "0" : 0.1,
            "6500" : 0.08,
            "7000" : 0.05,
            "7500" : 0.01
          }
        },
        "momentum" : 0.9
      },
      "layerName" : "layer4",
      "lossFn" : {
        "@class" : "org.nd4j.linalg.lossfunctions.impl.LossMSE"
      },
      "nin" : 5,
      "nout" : 8,
      "regularization" : [ {
        "@class" : "org.nd4j.linalg.learning.regularization.L2Regularization",
        "l2" : {
          "@class" : "org.nd4j.linalg.schedule.FixedSchedule",
          "value" : 1.0E-4
        }
      } ],
      "regularizationBias" : [ ],
      "weightInitFn" : {
        "@class" : "org.deeplearning4j.nn.weights.WeightInitXavier"
      },
      "weightNoise" : null
    },
    "maxNumLineSearchIterations" : 5,
    "miniBatch" : true,
    "minimize" : true,
    "optimizationAlgo" : "STOCHASTIC_GRADIENT_DESCENT",
    "seed" : 6,
    "stepFunction" : null,
    "variables" : [ "W", "b" ]
  } ],
  "dataType" : "FLOAT",
  "epochCount" : 0,
  "inferenceWorkspaceMode" : "ENABLED",
  "inputPreProcessors" : { },
  "iterationCount" : 5800,
  "tbpttBackLength" : 20,
  "tbpttFwdLength" : 20,
  "trainingWorkspaceMode" : "ENABLED",
  "validateOutputLayerConfig" : true
}